,spe,sen,ppv,fsc,hm,acc
0,0.0,1.0,0.10578320255739611,0.19132720105124834,0.0,1.0
1,1.0,0.0,0.0,0.0,0.0,0.0
2,1.0,0.0,0.0,0.0,0.0,0.0
3,1.0,0.0,0.0,0.0,0.0,0.0
