,spe,sen,ppv,fsc,hm,acc
0,0.9977152945452656,0.015448603683897803,0.5416666666666667,0.030040439052570773,0.030426090392152716,0.015448603683897803
1,0.952260922700886,0.10464041412460715,0.37645493847688727,0.1637613019891501,0.18856060416272097,0.10464041412460715
2,0.38806537438236405,0.9068668046928916,0.5763250805903378,0.7047639479223929,0.5435398266639769,0.9068668046928916
3,0.9349347648817613,0.7246891651865008,0.851906271750058,0.7831650789136926,0.8164947274990584,0.7246891651865008
