,spe,sen,ppv,fsc,hm,acc
0,0.9592626854421489,0.023915626856803332,0.11925925925925927,0.03984162336055433,0.04666776749590022,0.023915626856803332
1,0.5747381039245322,0.5642447772231465,0.2722204878918967,0.36725730272855805,0.5694431036290596,0.5642447772231465
2,0.6250602946087344,0.3903726708074534,0.5282005789522831,0.44894638676137943,0.48059589344156506,0.3903726708074534
3,0.7468241492118791,0.6960726268008683,0.6397218863361547,0.666708673324722,0.720555837316035,0.6960726268008683
