,spe,sen,ppv,fsc,hm,acc
0,0.9798883555926544,0.09031491384432562,0.44089920232052215,0.14991986191591666,0.1653863989015216,0.09031491384432562
1,0.8596789284483183,0.3011647254575707,0.3637378586580328,0.3295069532237674,0.44606346013377285,0.3011647254575707
2,0.49800968619385655,0.7991718426501035,0.6048102786410049,0.6885377491712872,0.6136308754378196,0.7991718426501035
3,0.932542010282599,0.7333070192750478,0.8507861395206838,0.7876903508462002,0.8210102953815472,0.7333070192750478
